,Unnamed: 0,index,題名,作者/創建者,所屬期刊,主題,識別號,叢書,學位論文,類型,摘要,內容,其他題名,相關題名,版本,出版者,建立日期,附註,得獎註,適用對象/影視分級,語文註,格式,刊期,醫學主題,政府出版品主題,合訂,課程資訊,架號,權利聲明,資源來源,永久連結,borrowable,id
0,0,0,Python入門 ,"Lutz, Mark, 著 identifier Ascher, David, 著 identifier 陳建勳, 譯 ",,Python(電腦程式語言),ISBN : 9578247354,,,,,,,complete edition : 另一譯名: Python學習手冊 ,初版,台北市 : 歐萊禮發行 ; 臺南市 : 聯寶總經銷,1999,本書譯自: Learning Pythonidentifier 作者號取自譯者(CT),,,,450面 : 圖 ; 23公分,,,,,,,,圖書館目錄,https://nycu.primo.exlibrisgroup.com/permalink/886UST_NYCU/1ek8ru5/alma990008491270206772,1,0
1,1,1,Head first Python ,"Barry, Paul, 1966- ",,Python (Computer program language),ISBN : 9781449382674 (pbk.) :identifier ISBN : 1449382673 (pbk.)identifier OCLC : (OCoLC)635468686identifier OCLC : UST(194082),,,,"A guide to the programming language describes how to build Python-enabled Web servers and applications, write mobile apps on the Android platform, develop sophisticated games, build GUI-based programs, and write Python scripts to automate tasks.",Meet Python: Everyone loves list -- Sharing your code: Modules of functions -- Files and exceptions: Dealing with errors -- Persistence: Saving data to files -- Comprehending data: Work that data! -- Custom data objects: Bundling code with data -- Web development: Putting it all together -- Mobile App development: Small devices -- Manage your data: Handling input -- Scaling your Webapp: Getting real -- Dealing with complexity: Data wrangling -- Leftovers: The top ten things (we didn't cover).,,,,Beijing : O'Reilly,c2011,"Includes index.identifier ""A brain-friendly guide""--Cover.",,,,"xxxiv, 457 p. : ill. ; 24 cm.",,,,,,,,圖書館目錄,https://nycu.primo.exlibrisgroup.com/permalink/886UST_NYCU/1ek8ru5/alma990052717730206772,1,1
2,2,2,Monty Python and the Holy Grail [蟒蛇劇團與聖杯] ,"White, Michael. identifier Forstater, Mark. identifier Chapman, Graham, 1941-1989. identifier Gilliam, Terry. identifier Jones, Terry, 1942- identifier Cleese, John. identifier Idle, Eric. identifier Palin, Michael. identifier Monty Python (Comedy troupe) identifier Python (Monty) Pictures. identifier Columbia TriStar Home Entertainment (Firm) ",,Grailidentifier Feature filmsidentifier Comedy filmsidentifier Video recordings for the hearing impaired,ISBN : 0767853520 :identifier PUBNUM : 05276,,,Drama.,The quest for the Holy Grail by King Arthur and his Knights of the Round Table is retold in the inimitable Python fashion.,,"Holy Grailidentifier 蟒蛇劇團與聖杯identifier 英西法語發音, 英法西文字幕",,Special ed.,"Burbank, CA : Columbia TriStar Home Entertainment",c2001,Originally released as a motion picture in 1974.identifier Special features listed on container.,,MPAA rating: PG.,"In English, Spanish or French ; subtitles in English, French or Spanish; closed-captioned.","2 videodiscs (89 min.) : sd., col. ; 4 3/4 in. + 1中文字匣",,,,,,,,圖書館目錄,https://nycu.primo.exlibrisgroup.com/permalink/886UST_NYCU/1ek8ru5/alma990005629690206772,1,2
3,3,3,Python 3 object oriented programming : harness the power of Python 3 objects ,"Phillips, Dusty. ",,Python (Computer program language)identifier Object-oriented programming (Computer science)identifier Object-oriented programming languages,ISBN : 9781849511261 (pbk.) :identifier ISBN : 1849511268 (pbk.)identifier OCLC : (OCoLC)694383444,Community experience distilled identifier Community experience distilled. ,,,,Object-oriented design -- Objects in Python -- When objects are alike -- Expecting the unexpected -- When to use object-oriented programming -- Python data structures -- Python object-oriented shortcuts -- Python design patterns I -- Python design patterns II -- Files and strings -- Testing object-oriented programs -- Common Python 3 libraries.,Harness the power of Python 3 objects,,,"Birmingham, UK : Packt Pub.",c2010,"""Open source community experience distilled.""identifier Includes index.",,,,"v, 388 p. : ill. ; 24 cm.",,,,,,,,圖書館目錄,https://nycu.primo.exlibrisgroup.com/permalink/886UST_NYCU/1ek8ru5/alma990052717760206772,1,3
4,4,4,Python machine learning ,"Lee, Wei-Meng, author. ",,Machine learningidentifier Python (Computer program language),ISBN : 1119545633identifier ISBN : 9781119545637identifier OCLC : (OCoLC)1042350760,,,,"Python makes machine learning easy for beginners and experienced developers With computing power increasing exponentially and costs decreasing at the same time, there is no better time to learn machine learning using Python. Machine learning tasks that once required enormous processing power are now possible on desktop machines. However, machine learning is not for the faint of heart-it requires a good foundation in statistics, as well as programming knowledge. Python Machine Learning will help coders of all levels master one of the most in-demand programming skillsets in use today. Readers will get started by following fundamental topics such as an introduction to Machine Learning and Data Science. For each learning algorithm, readers will use a real-life scenario to show how Python is used to solve the problem at hand. * Python data science-manipulating data and data visualization * Data cleansing * Understanding Machine learning algorithms * Supervised learning algorithms * Unsupervised learning algorithms * Deploying machine learning models Python Machine Learning is essential reading for students, developers, or anyone with a keen interest in taking their coding skills to the next level.",Introduction to machine learning -- Extending Python using NumPy -- Manipulating tabular data using Pandas -- Data visualization using matplotlib -- Getting started with Scikit-learn for Machine Learning -- Supervised learning : linear regression -- Supervised learning : classification using logistic regression -- Supervised learning : classification using support vector machines -- Supervised learning : classification using K-Nearest Neighbors (KNN) -- Unsupervised learning : clustering using K-Means -- Using Azure Machine Learning Studio -- Deploying machine learning models.,,可獲得的其他形式： : Python machine learning ,,"Indianapolis, IN : Wiley",2019,Includes index.,,,,"xxiv, 296 pages : illustrations ; 24 cm",,,,,,,,圖書館目錄,https://nycu.primo.exlibrisgroup.com/permalink/886UST_NYCU/1ek8ru5/alma990057670640206772,0,4
5,5,5,Python學習手冊 . 第三版 ,"Lutz, Mark, 著 identifier 陳建勳, 譯 identifier 蘇秉豐, 編 ",,Python (Computer program language)identifier Python (電腦程式語言),ISBN : 9789866840302,,,,,,,,中文版第二版,臺北市 : 歐萊禮,2008,"本書譯自: Learning Python, 3ed.identifier 作者號取自譯者(CT)",,,,711面 ; 23公分,,,,,,,,圖書館目錄,https://nycu.primo.exlibrisgroup.com/permalink/886UST_NYCU/1ek8ru5/alma990050537590206772,1,5
6,6,6,Effective Python中文版 : 寫出良好Python程式的59個具體做法 ,"Slatkin, Brett, 著 identifier 黃銘偉, 譯 ",,Python(電腦程式語言),ISBN : 9789863477020,,,,,,寫出良好Python程式的59個具體做法identifier 59 specific ways to write better Python,,初版,臺北市 : 碁峰資訊,2015,本書譯自: Effective Python : 59 specific ways to write better Pythonidentifier 含索引identifier 作者號取自譯者(CT),,,,257面 ; 23公分,,,,,,,,圖書館目錄,https://nycu.primo.exlibrisgroup.com/permalink/886UST_NYCU/1ek8ru5/alma991003075259706772,1,6
7,7,7,Python scripting for ArcGIS ,"Zandbergen, Paul A., 1968- ",,ArcGISidentifier Geographic information systemsidentifier Graphical user interfaces (Computer systems)identifier Python (Computer program language)identifier TECHNOLOGY & ENGINEERING -- Remote Sensing & Geographic Information Systemsidentifier COMPUTERS -- Programming Languages -- Python,OCLC : (OCoLC)005407464identifier LC : 2012020676identifier ISBN : 9781589482821identifier ISBN : 1589482824identifier OCLC : (OCoLC)795758535,,,,"""Python Scripting for ArcGIS is a guide to help experienced users of ArcGIS for Desktop get started with Python scripting. This book teaches how to write Python code that works with spatial data to automate geoprocessing tasks in ArcGIS. Readers can thus learn the skill set needed to create custom tools. Key topics in this book include Python language fundamentals, automating geoprocessing tasks, exploring and manipulating spatial data, working with geometries and rasters, map scripting, debugging and error handling, creating functions and classes, and creating and sharing script tools""-- Provided by publisher.",pt. 1 Learning the fundamentals of Python and geoprocessing -- ch. 1 Introducing Python -- 1.1. Introduction -- 1.2. Exploring the features of Python -- 1.3.Comparing scripting vs. programming -- 1.4. Using scripting in ArcGIS -- 1.5. Python history and versions -- 1.6. About this book -- 1.7. Exploring how Python is used -- 1.8. Choosing a Python script editor -- Points to remember -- ch. 2 Geoprocessing in ArcGIS -- 2.1. Introduction -- 2.2. What is geoprocessing? -- 2.3.A note on ArcObjects -- 2.4. Using toolboxes and tools -- 2.5. Learning types and categories of tools -- 2.6. Running tools using tool dialog boxes -- 2.7. Specifying environment settings -- 2.8. Using batch processing -- 2.9. Using models and ModelBuilder -- 2.10. Using scripting -- 2.11. Running scripts as tools -- 2.12. Converting a model to a script -- 2.13. Scheduling a Python script to run at prescribed times -- Points to remember -- ch. 3 Using the Python window -- 3.1. Introduction --^ 3.2. Opening the Python window -- 3.3. Writing and running code -- 3.4. Getting assistance -- 3.5. Exploring Python window options -- 3.6. Saving your work -- 3.7. Loading code into the Python window -- Points to remember -- ch. 4 Learning Python language fundamentals -- 4.1. Introduction -- 4.2. Locating Python documentation and resources -- 4.3. Working with data types and structures -- 4.4. Working with numbers -- 4.5. Working with variables and naming -- 4.6. Writing statements and expressions -- 4.7. Using strings -- 4.8. Using lists -- 4.9. Working with Python objects -- 4.10. Using functions -- 4.11. Using methods -- 4.12. Working with strings -- 4.13. Working with lists -- 4.14. Working with paths -- 4.15. Working with modules -- 4.16. Controlling workflow using conditional statements -- 4.17. Controlling workflow using loop structures -- 4.18. Getting user input -- 4.19.Commenting scripts -- 4.20. Working with code in the PythonWin editor --^ 4.21. Following coding guidelines -- Points to remember -- pt. 2 Writing scripts -- ch. 5 Geoprocessing using Python -- 5.1. Introduction -- 5.2. Using the ArcPy site package -- 5.3. Importing ArcPy -- 5.4. Working with earlier versions of ArcGIS -- 5.5. Using tools -- 5.6. Working with toolboxes -- 5.7. Using functions -- 5.8. Using classes -- 5.9. Using environment settings -- 5.10. Working with tool messages -- 5.11. Working with licenses -- 5.12. Accessing ArcGIS Desktop Help -- Points to remember -- ch. 6 Exploring spatial data -- 6.1. Introduction -- 6.2. Checking for the existence of data -- 6.3. Describing data -- 6.4. Listing data -- 6.5. Using lists in for loops -- 6.6. Working with lists -- 6.7. Working with tuples -- 6.8. Working with dictionaries -- Points to remember -- ch. 7 Manipulating spatial data -- 7.1. Introduction -- 7.2. Using cursors to access data -- 7.3. Using SQL in Python -- 7.4. Working with table and field names -- 7.5. Parsing table and field names --^ 7.6. Working with text files -- Points to remember -- ch. 8 Working with geometries -- 8.1. Introduction -- 8.2. Working with geometry objects -- 8.3. Reading geometries -- 8.4. Working with multipart features -- 8.5. Working with polygons with holes -- 8.6. Writing geometries -- 8.7. Using cursors to set the spatial reference -- 8.8. Using geometry objects to work with geoprocessing tools -- Points to remember -- ch. 9 Working with rasters -- 9.1. Introduction -- 9.2. Listing rasters -- 9.3. Describing raster properties -- 9.4. Working with raster objects -- 9.5. Working with the ArcPy Spatial Analyst module -- 9.6. Using map algebra operators -- 9.7. Using the ApplyEnvironment function -- 9.8. Using classes of the arcpy.sa module -- 9.9. Using raster functions to work with NumPy arrays -- Points to remember -- pt. 3 Carrying out specialized tasks -- ch. 10 Map scripting -- 10.1. Introduction -- 10.2. Working with the ArcPy mapping module -- 10.3. Opening map documents --^ 10.4. Accessing map document properties and methods -- 10.5. Working with data frames -- 10.6. Working with layers -- 10.7. Fixing broken data sources -- 10.8. Working with page layout elements -- 10.9. Exporting maps -- 10.10. Printing maps -- 10.11. Working with PDFs -- 10.12. Creating map books -- 10.13. Using sample mapping scripts -- Points to remember -- ch. 11 Debugging and error handling -- 11.1. Introduction -- 11.2. Recognizing syntax errors -- 11.3. Recognizing exceptions -- 11.4. Using debugging -- 11.5. Using debugging tips and tricks -- 11.6. Error handling for exceptions -- 11.7. Raising exceptions -- 11.8. Handling exceptions -- 11.9. Handling geoprocessing exceptions -- 11.10. Using other error-handling methods -- 11.11. Watching for common errors -- Points to remember -- ch. 12 Creating Python functions and classes -- 12.1. Introduction -- 12.2. Creating functions -- 12.3. Calling functions from other scripts -- 12.4.Organizing code into modules --^ 12.5. Using classes -- 12.6. Working with packages -- Points to remember -- pt. 4 Creating and using script tools -- ch. 13 Creating custom tools -- 13.1. Introduction -- 13.2. Why create your own tools? -- 13.3. Steps to creating a tool -- 13.4. Editing tool code -- 13.5. Exploring tool parameters -- 13.6. Setting tool parameters -- 13.7. Examining an example script tool -- 13.8. Customizing tool behavior -- 13.9. Working with messages -- 13.10. Handling messages for stand-alone scripts and tools -- 13.11. Customizing tool progress information -- 13.12. Running a script in process -- Points to remember -- ch. 14 Sharing tools -- 14.1. Introduction -- 14.2. Choosing a method for distributing tools -- 14.3. Handling licensing issues -- 14.4. Using a standard folder structure for sharing tools -- 14.5. Working with paths -- 14.6. Finding data and workspaces -- 14.7. Creating a geoprocessing package -- 14.8. Embedding scripts and password-protecting tools -- 14.9. Documenting tools --^ 14.10. Example tool: Market analysis -- Points to remember.,,,First edition.,New York : ESRI Press,2013,Includes index.,,,,"a xiv, 353 pages : color illustrations ; 26 cm + 1 computer optical disc (4 3/4 in.)",,,,,,,,圖書館目錄,https://nycu.primo.exlibrisgroup.com/permalink/886UST_NYCU/1ek8ru5/alma990054074640206772,1,7
8,8,8,Python programming : an introduction to computer science ,"Zelle, John M. ",,Python (Computer program language)identifier Programming languages (Electronic computers),OCLC : (OCoLC)005527393identifier LC : 2010013947identifier ISBN : 9781590282410identifier ISBN : 1590282418identifier OCLC : (OCoLC)593639433,,,,"This book is designed to be used as the primary textbook in a college-level first course in computing. It takes a fairly traditional approach, emphasizing problem solving, design, and programming as the core skills of computer science. However, these ideas are illustrated using a non-traditional language, namely Python. Although Python is used as the language, teaching Python is not the main point of this book. Rather, Python is used to illustrate fundamental principles of design and programming that apply in any language or computing environment. In some places, I have purposely avoided certain Python features and idioms that are not generally found in other languages.","1. Computers and programs --- 2. Writing simple programs --- 3. Computing with numbers --- 4. Objects and graphics --- 5. Sequences : strings, lists, and files --- 6. Defining functions --- 7. Decision structures --- 8. Loop structures and Booleans --- 9. Simulation and design --- 10. Defining classes --- 11. Data collections --- 12. Object-oriented design --- 13. Algorithm design and recursion ---- Appendix A : Python quick reference -- Appendix B : Using Python and IDLE -- Appendix C : Glossary.",Introduction to computer science,,Second edition.,"Sherwood, Or. : Franklin, Beedle & Associates",©2010,,,,,"xiv, 514 pages : illustrations; 24 cm",,,,,,,,圖書館目錄,https://nycu.primo.exlibrisgroup.com/permalink/886UST_NYCU/1ek8ru5/alma990055273930206772,1,8
9,9,9,Programming Python ,"Lutz, Mark. ",,Python (Computer program language),ISBN : 9780596158101 (pbk.) :identifier ISBN : 0596158106 (pbk.)identifier OCLC : (OCoLC)624414147identifier OCLC : UST(182486),,,,,,Python,,4th ed.,Beijing : O'Reilly,c2011,"""Powerful object-oriented programming""--Cover.identifier ""Covers Python 3.x""--Cover.identifier Includes index.",,,,"xxxix, 1584 p. : ill. ; 24 cm.",,,,,,,,圖書館目錄,https://nycu.primo.exlibrisgroup.com/permalink/886UST_NYCU/1ek8ru5/alma990052474680206772,1,9
10,10,10,深入淺出Python ,"Barry, Paul, 著 identifier 蔣大偉, 編譯 ",,Python(電腦程式語言),ISBN : 9789864769902,,,,,,,,二版,臺北市 : 碁峰資訊,2019,含附錄及索引identifier 作者號取自題名(CT),,,,585面 : 圖 ; 23公分,,,,,,,,圖書館目錄,https://nycu.primo.exlibrisgroup.com/permalink/886UST_NYCU/1ek8ru5/alma990056679760206772,1,10
11,11,11,Python data visualization cookbook ,"Milovanović, Igor, author. ",,Information visualizationidentifier Python (Computer program language),ISBN : 9781782163367identifier ISBN : 1782163360identifier OCLC : (OCoLC)875454474,Quick answers to common problems ,,,"Today, data visualization is a hot topic as a direct result of the vast amount of data created every second. Transforming that data into information is a complex task for data visualization professionals who, at the same time, try to understand the data and objectively transfer that understanding to others. Python Data Visualization Cookbook will progress the reader from the point of installing and setting up a Python environment for data manipulation and visualization all the way to 3D animations using Python libraries. Readers will benefit from over 60 precise and reproducible recipes that guide the reader towards a better understanding of data concepts and the building blocks for subsequent and sometimes more advanced concepts. -- from back cover.","Chapter 1: Preparing your working environment -- Introduction -- Installing matplotlib, NumPy, and SciPy -- Installing virtualenv and virtualenvwrapper -- Installing matplotlib on Mac OS X -- Installing matplotlab on Windows -- Installing Python Imaging Library (PIL) for image processing -- Installing a requests module -- Customizing matplotlib's parameters in code -- Customizing matplotlib's parameters per project -- Chapter 2: Knowing your data -- Introduction -- Importing data from CSV -- Importing data from Microsoft Excel files -- Importing data from fixed-width datafiles -- Importing data from tab-delimited files -- Importing data from a JSON resource -- Exporting data to JSON, CSV, and Excel -- Importing image data into NumPy arrays -- Generating controlled random datasets -- Smoothing the noise in real-world data -- Chapter 3: Drawing your first plots and customizing them -- Introduction -- Defining plot types - bar, line, and stacked charts --^ Drawing a simple sine and cosine plot -- Defining axis lengths and limits -- Defining plot line styles, properties, and format strings -- Setting ticks, lables, and grids -- Adding a legend and annotations -- Moving spines to the center -- Making histograms -- Making bar charts with error bars -- Making pie charts count -- Plotting with filled areas -- Drawing scatter plots with colored markers -- Chapter 4: More plots and customizations -- Introduction -- Setting the transparency and size of axis lables -- Adding a shadow to the chart line -- Adding a data table to the figure -- Using subplots -- Customizing grids -- Creating contour plots -- Filling an under-plot area -- Drawing polar plots -- Visualizing the filesystem tree using a polar bar -- Chapter 5: Making 3D visualizations -- Introduction -- Creating 3D bars -- Creating 3D histograms -- Animating in matplotlib -- Animating with OpenGL -- Chapter 6: Plotting charts with images and maps -- Introduction --^ Processing images with PIL -- Plotting with images -- Displaying an image with other plots in the figure -- Plotting data on a map using Basecamp -- Plotting data on a map using Google Map API -- Generating CAPTCHA images -- Chapter 7: Using right plots to understanding data -- Introduction -- Understanding logarithmic plots -- Understanding spectrograms -- Creating a stem plot -- Drawing streamlines of vector flow -- Using colormaps -- Using scatter plots and histograms -- Plotting the cross-correlation between two variables -- Importance of autocorrelation -- Chapter 8: More on matplotlib gems -- Introduction -- Drawing barbs -- Making a box and a whisker plot -- Making Gantt charts -- Making errorbars -- Making use of text and font properties -- Rendering text with LaTeX -- Understanding the difference between pyplot and OO API.",,,,"Birmingham, UK : Packt Publishing",2013,"""Over 60 recipes that will enable you to learn how to create attractive visualizations using Python's most popular libraries.""identifier Includes index.",,,,"iii, 263 pages : illustrations ; 24 cm.",,,,,,,,圖書館目錄,https://nycu.primo.exlibrisgroup.com/permalink/886UST_NYCU/1ek8ru5/alma990055875630206772,1,11
12,12,12,Python essential reference ,"Beazley, David M. identifier Rossum, Guido van. ",,Python (Computer program language),ISBN : 0735709017 (pbk.) :,,,,,,,,,Indianapolis : New Riders,c2000,Includes index.,,,,"xviii, 319 p. ; 23 cm.",,,,,,,,圖書館目錄,https://nycu.primo.exlibrisgroup.com/permalink/886UST_NYCU/1ek8ru5/alma990001100620206772,1,12
13,13,13,精通Python 3程式設計. 第二版 : 全面介紹Python語言 ,"薩墨斐德 (Summerfield, Mark), 著 identifier 蔣大偉, 譯 ",,Python(電腦程式語言)identifier 電腦程式設計,ISBN : 9789862760703,,,,,,"全面介紹Python語言identifier A complete introduction to the Python language, 2nd ed.",,初版,台北市 : 碁峰資訊,2010,"含索引identifier 本書譯自: Programming in Python 3 : a complete introduction to the Python language, 2nd ed.identifier 作者號取自譯者(CT)",,,,"6,630面 : 圖, 表 ; 23公分",,,,,,,,圖書館目錄,https://nycu.primo.exlibrisgroup.com/permalink/886UST_NYCU/1ek8ru5/alma991002952319706772,1,13
14,14,14,Python技術參考辭典 ,"Beazley, David, 著 identifier Rossum, Guido Van, 著 identifier 張裕益, 譯 ",,Python(電腦程式語言),ISBN : 9575273427,,,,,,,,初版,台北市 : 博碩,2001,含索引identifier 附錄:Python函式庫等2種identifier 本書譯自: Python essential referenceidentifier 作者號取自譯者(CT),,,,"10, 420面 : 表格 ; 21公分",,,,,,,,圖書館目錄,https://nycu.primo.exlibrisgroup.com/permalink/886UST_NYCU/1ek8ru5/alma990008750590206772,1,14
15,15,15,高效能Python程式設計 ,"Gorelick, Micha, 著 identifier Ozsvald, Ian, 著 identifier 楊仁和, 譯 ",,Python(電腦程式語言),ISBN : 9789863477105,,,,,,,,初版,臺北市 : 碁峰資訊,2015,含索引identifier 本書譯自: High performance Pythonidentifier 作者號取自題名(CT),,,,"366面 : 圖, 表 ; 23公分",,,,,,,,圖書館目錄,https://nycu.primo.exlibrisgroup.com/permalink/886UST_NYCU/1ek8ru5/alma990055117850206772,1,15
16,16,16,Black hat Python : Python programming for hackers and pentesters ,"Seitz, Justin, author. identifier Arnold, Tim (Computer software developer), author. identifier Miller, Charles Alfred, writer of foreword. ",,Computer programmingidentifier Computer securityidentifier Python (Computer program language)identifier Handbooks and manuals,ISBN : 9781718501126identifier ISBN : 1718501129identifier OCLC : (OCoLC)005778936identifier OCLC : (OCoLC)1249107681,,,,"""When it comes to creating powerful and effective hacking tools, Python is the language of choice for most security analysts. In this second edition of the bestselling Black Hat Python, you'll explore the darker side of Python's capabilities: everything from writing network sniffers, stealing email credentials, and bruteforcing directories to crafting mutation fuzzers, investigating virtual machines, and creating stealthy trojans. All of the code in this edition has been updated to Python 3.x. You'll also find new coverage of bit shifting, code hygiene, and offensive forensics with the Volatility Framework as well as expanded explanations of the Python libraries ctypes, struct, lxml, and BeautifulSoup, and offensive hacking strategies like splitting bytes, leveraging computer vision libraries, and scraping websites. You'll even learn how to: • Create a trojan command-and-control server using GitHub • Detect sandboxing and automate common malware tasks like keylogging and screenshotting • Extend the Burp Suite web-hacking tool • Escalate Windows privileges with creative process control • Use offensive memory forensics tricks to retrieve password hashes and find vulnerabilities on a virtual machine • Abuse Windows COM automation • Exfiltrate data from a network undetected When it comes to offensive security, you need to be able to create powerful tools on the fly. Learn how with Black Hat Python."" --Amazon.com.",Setting up your Python environment -- Basic networking tools -- Writing a sniffer -- Owning the network with Scapy -- Web hackery -- Extending Burp proxy -- GitHub command and control -- Common trojaning tasks on Windows -- Fun with exfiltration -- Windows privilege escalation -- Offensive forensics.,,,2nd edition.,"San Francisco, CA : No Starch Press",2021,,,,,"xviii, 190 pages : illustrations ; 24 cm",,,,,,,,圖書館目錄,https://nycu.primo.exlibrisgroup.com/permalink/886UST_NYCU/1ek8ru5/alma990057789360206772,1,16
17,17,17,精通Python第二版 : 運用簡單的套件進行現代運算 ,"Lubanovic, Bill, 著 identifier 賴屹民, 譯 ",,Python(電腦程式語言),ISBN : 978-986-502-486-4,,,,,,運用簡單的套件進行現代運算identifier modern computing in simple packages,"翻譯 : Introducing Python : modern computing in simple packages, 2nd ed ",二版,臺北市 : 碁峰資訊發行,2020,"譯自 : Introducing Python : modern computing in simple packages, 2nd edidentifier 附錄 : 硬體和軟體入門等5種identifier 含索引",,,,"631, [2]面 : 圖 ; 23公分",,,,,,,,圖書館目錄,https://nycu.primo.exlibrisgroup.com/permalink/886UST_NYCU/1ek8ru5/alma990057683710206772,1,17
18,18,18,Mastering Python data visualization : generate effective results in a variety of visually appealing charts using the plotting packages in Python ,"Raman, Kirthi, author. ",,Information visualizationidentifier Python (Computer program language)identifier Visual analyticsidentifier 005.133identifier Python Programmierspracheidentifier Visualisierung,ISBN : 1783988320identifier ISBN : 9781783988327identifier OCLC : (OCoLC)928444242,Community experience distilled identifier Community experience distilled. ,,,"Python has a handful of open source libraries for numerical computations that involve optimization, linear algebra, integration, interpolation, and other special functions using array objects, machine learning, data mining, and plotting. This book offers practical guidance to help you on the journey to effective data visualization. Commencing with a chapter on the data framework, the book covers the complete visualization process, using the most popular Python libraries with working examples. You will learn how to use NumPy, SciPy, IPython, matplotlib, pandas, patsy, and scikit-learn, with a focus on generating results that can be visualized in many different ways. Further chapters are aimed at not only demonstrating advanced techniques such as interactive plotting; numerical, graphical linear, and nonlinear regression; and clustering and classification, but also helping you understand the aesthetics and best practices of data visualization. The book concludes with interesting examples such as social networks, directed graph examples in real life, data structures appropriate for these problems, and network analysis. -- from back cover.","Chapter 1: A conceptual framework for data visualization -- Data, information, knowledge, and insight -- The transformation of data -- Data visualization history -- How does visualization help decision-making? -- Visualization plots -- Summary -- Chapter 2: Data analysis and visualization -- Why does visualization require planning? -- The Ebola example -- A sports example -- Creating interesting stories with data -- Perception and presentation methods -- Some best practices for visualization -- Visualization tools in Python -- Interaction visualization -- Summary -- Chapter 3: Getting started with the Python IDE -- The IDE tools in Python -- Visualization plots with Anaconda -- Interactive visualization packages -- Summary -- Chapter 4: Numerical computing and interactive plotting -- NumPy, SciPy, and MKL functions -- Scalar selection -- Slicing -- Array indexing -- Other data structures -- Visualization using matplotlib -- The visualization example in sports -- Summary -- Chapter 5: Financial and statistical models -- The deterministic model -- The stochastic model -- The threshold model -- An overview of statistical and machine learning -- Creating animated and interactive plots -- Summary -- Chapter 6: Statistical and machine learning -- k-nearest neighbors -- Logistic regression -- Support vector machines -- Principal component analysis -- k-means clustering -- Summary -- Chapter 7: Bioinformatics, genetics, and network models -- Directed graphs and multigraphs -- The clustering coefficient of graphs -- Analysis of social networks -- The planar graph test -- The directed acyclic graph test -- Maximum flow and minimum cut -- A genetic programming example -- Stochastic block models -- Summary -- Chapter 8: Advanced visualization -- Computer simulation -- Summary.",,,,Birmingham : Packt Publishing Limited,2015,Includes index.,,,,"xii, 349 pages : illustrations ; 24 cm.",,,,,,,,圖書館目錄,https://nycu.primo.exlibrisgroup.com/permalink/886UST_NYCU/1ek8ru5/alma990055875280206772,1,18
19,19,19,"Python for data analysis : data wrangling with pandas, NumPy, and IPython ","McKinney, Wes, author. ",,Programming languages (Electronic computers)identifier Data miningidentifier Python (Computer program language)identifier Python 3.6identifier Datenanalyseidentifier Datenmanagementidentifier Data Mining,LC : 2018302150identifier ISBN : 1491957662identifier ISBN : 9781491957660identifier OCLC : (OCoLC)959595088,,,,"""Get complete instructions for manipulating, processing, cleaning, and crunching datasets in Python. Updated for Python 3.6, the second edition of this hands-on guide is packed with practical case studies that show you how to solve a broad set of data analysis problems effectively. You'll learn the latest versions of pandas, NumPy, IPython, and Jupyter in the process""--Page 4 of cover.","Preliminaries -- Python language basics, IPython, and Jupyter notebooks -- Built-in data structures, functions, and files -- NumPy basics: arrays and vectorized computation -- Getting started with pandas -- Data loading, storage, and file formats -- Data cleaning and preparation -- Data wrangling: join, combine, and reshape -- Plotting and visualization -- Data aggregation and group operations -- Time series -- Advanced pandas -- Introduction to modeling libraies in Python -- Data analysis examples -- Advanced NumPy -- More on the IPython system.","Data wrangling with pandas, NumPy, and IPython",,Second edition.,"Sebastopol, CA : O'Reilly Media, Inc.",October 2018,"""Revision history for the Second Edition: 2017-09-25: First Release""--Title page verso.identifier First edition: October 2012.identifier Includes index.",,,,"xvi, 524 pages : illustrations ; 24 cm",,,,,,,,圖書館目錄,https://nycu.primo.exlibrisgroup.com/permalink/886UST_NYCU/1ek8ru5/alma990056745170206772,1,19
20,20,20,Python for DevOps : learn ruthlessly effective automation ,"Gift, Noah, author. identifier Behrman, Kennedy, author. identifier Deza, Alfredo, author. identifier Gheorghiu, Grig, author. ",,Object-oriented programming languagesidentifier Computer software -- Developmentidentifier Python (Computer program language),ISBN : 9781492057697identifier ISBN : 149205769Xidentifier OCLC : (OCoLC)1106172827,,,,"""Much has changed in technology over the past decade. Data is hot, the cloud is ubiquitous, and many organizations need some form of automation. Throughout these transformations, Python has become one of the most popular languages in the world. This practical resource shows you how to use Python for everyday Linux systems administration tasks with today's most useful DevOps tools, including Docker, Kubernetes, and Terraform. Learning how to interact and automate with Linux is essential for millions of professionals. Python makes it much easier. With this book, you'll learn how to develop software and solve problems using containers, as well as how to monitor, instrument, load-test, and operationalize your software. Looking for effective ways to ""get stuff done"" in Python? This is your guide.""-- Provided by publisher",Python essentials for DevOps -- Automating files and the Filesystem -- Working with the command line -- Useful Linux utilities -- Package management -- Continuous integration and continuous deployment -- Monitoring and logging -- Pytest for DevOps -- Cloud computing -- Infrastructure as code -- Container technologies : Docker and Docker compose -- Container orchestration : Kubernetes -- Serverless technologies -- MLOps and machine learning engineering -- Data engineering -- DevOps war stories and interviews.,,,First edition.,"Sebastopol, CA : O'Reilly Media",2019,Includes index.,,,,"xx, 481 pages : illustrations ; 24 cm",,,,,,,,圖書館目錄,https://nycu.primo.exlibrisgroup.com/permalink/886UST_NYCU/1ek8ru5/alma990057763850206772,1,20
21,21,21,初探機器學習 : 使用Python ,"Kirk, Matthew, 著 identifier 陳仁和, 譯 ",,Python(電腦程式語言),ISBN : 9789864765829,,,,,,使用Pythonidentifier A test-driven approach,,初版,臺北市 : 碁峰資訊,2017,含索引identifier 作者號取自題名(CT)identifier 本書譯自: Thoughtful machine learning with Python : a test-driven approach,,,,"11, 202面 : 圖, 表格 ; 23公分",,,,,,,,圖書館目錄,https://nycu.primo.exlibrisgroup.com/permalink/886UST_NYCU/1ek8ru5/alma990055842100206772,1,21
22,22,22,Core Python programming ,"Chun, Wesley. ",,Python (Computer program language),LC : 2006019559identifier ISBN : 0132269937 (pbk.) :identifier ISBN : 9780132269933 (pbk.),Prentice Hall core series. identifier Prentice Hall PTR core series. ,,,,,Python programming.,,2nd ed.,"Upper Saddle River, NJ : Prentice Hall",c2007,Includes index.,,,,"xxxvii, 1077 p. : ill. ; 24 cm.",,,,,,,,圖書館目錄,https://nycu.primo.exlibrisgroup.com/permalink/886UST_NYCU/1ek8ru5/alma990005117870206772,1,22
23,23,23,Python的Unix/Linux系統管理應用 ,"Gift, Noah, 著 identifier Jones, Jeremy, 著 identifier 蔣大偉, 編譯 ",,Python (Computer program language)identifier Python (電腦程式語言),ISBN : 9789866840364,,,,,,,,初版,臺北市 : 歐萊禮,2009,含索引identifier 作者號取自譯者(CT)identifier 本書譯自: Python for Unix and Linux system administration,,,,"[16], 473面 ; 23公分.",,,,,,,,圖書館目錄,https://nycu.primo.exlibrisgroup.com/permalink/886UST_NYCU/1ek8ru5/alma990050731700206772,1,23
24,24,24,Mastering Python for data science : explore the world of data science through Python and learn how to make sense of data ,"Madhavan, Samir, author. ",,Data miningidentifier Electronic data processing -- Managementidentifier Python (Computer program language),ISBN : 1784390151identifier ISBN : 9781784390150identifier OCLC : (OCoLC)920017735,Community experience distilled identifier Community experience distilled. ,,,"""Data science is a relatively new knowledge domain which is used by various organizations to make data driven decisions. Data scientists have to wear various hats to work with data and to derive value from it. The Python programming language, beyond having conquered the scientific community in the last decade, is now an indispensable tool for the data science practitioner and a must-know tool for every aspiring data scientist. Using Python will offer you a fast, reliable, cross-platform, and mature environment for data analysis, machine learning, and algorithmic problem solving. This comprehensive guide helps you move beyond the hype and transcend the theory by providing you with a hands-on, advanced study of data science. Beginning with the essentials of Python in data science, you will learn to manage data and perform linear algebra in Python. You will move on to deriving inferences from the analysis by performing inferential statistics, and mining data to reveal hidden patterns and trends. You will use the matplot library to create high-end visualizations in Python and uncover the fundamentals of machine learning. Next, you will apply the linear regression technique and also learn to apply the logistic regression technique to your applications, before creating recommendation engines with various collaborative filtering algorithms and improving your predictions by applying the ensemble methods. Finally, you will perform K-means clustering, along with an analysis of unstructured data with different text mining techniques and leveraging the power of Python in big data analytics.""-- Provided by publisher.",Getting started with raw data -- Inferential statistics -- Finding a needle in a haystack -- Making sense of data through -- Uncovering machine learning -- Performing predictions with a linear regression -- Estimating the likelihood of events -- Generating recommendations with collaborative filtering -- Pushing boundaries with ensemble models -- Applying segmentation with k-means clustering -- Analyzing unstructured data with text mining -- Leveraging Python in the world of big data.,,,,Birmingham : Packt Publishing Limited,2015,Includes index.,,,,"xi, 269 pages : illustrations ; 24 cm.",,,,,,,,圖書館目錄,https://nycu.primo.exlibrisgroup.com/permalink/886UST_NYCU/1ek8ru5/alma990055875310206772,1,24
25,25,25,Natural language processing with Python ,"Bird, Steven. identifier Klein, Ewan. identifier Loper, Edward. ",,Natural language processing (Computer science)identifier Python (Computer program language),OCLC : (OCoLC^)005191427identifier ISBN : 0596516495 (pbk.) :identifier ISBN : 9780596516499 (pbk.),,,,"This is an introduction to natural language processing, which supports a variety of language technologies, from predictive text and email filtering to authomatic summarization and translation.",,Python,,1st ed.,"Sebastopol, CA : O'Reilly Media",c2009,"""Analyzing text with the natural lanugage toolkit""--Cover.",,,,"xx, 479 p. : ill. ; 24 cm.",,,,,,,,圖書館目錄,https://nycu.primo.exlibrisgroup.com/permalink/886UST_NYCU/1ek8ru5/alma990051914270206772,1,25
26,26,26,Python技術手冊 ,"Martelli, Alex, 著 identifier Ravenscroft, Anna, 著 identifier Holden, Steve, 1950- 著 identifier 黃銘偉, 譯 ",,電腦程式語言identifier Python(電腦程式語言),ISBN : 9789864766819,,,,,,封面題名: Python技術手冊快速參考指南,,初版,臺北市 : 碁峰資訊,2018,"含索引identifier 本書譯自: Python in a nutshell, 3rd ed.identifier 作者號取自題名(CT)",,,,"14, 839, [2]面 ; 23公分",,,,,,,,圖書館目錄,https://nycu.primo.exlibrisgroup.com/permalink/886UST_NYCU/1ek8ru5/alma990056068250206772,1,26
27,27,27,完全圖解Python程式設計 ,"沃德曼 (Vorderman, Carol), 著 identifier 黃詩涵, 譯 ",,Python(電腦程式語言),ISBN : 9789864769483,,,,,,,,初版,臺北市 : 碁峰資訊,2019,本書譯自: Computer coding Python projects for kids,,,,224面 : 彩圖 ; 24公分,,,,,,,,圖書館目錄,https://nycu.primo.exlibrisgroup.com/permalink/886UST_NYCU/1ek8ru5/alma990056679800206772,1,27
28,28,28,測試驅動開發 : 使用Python ,"Percival, Harry J. W., 著 identifier 賴屹民, 譯 ",,Python(電腦程式語言),ISBN : 9789864760244,GOTOP ; A473 ,,,,,"封面副題名: 運用Django, Selenium與JavaScriptidentifier 使用Python",,初版,臺北市 : 碁峰資訊,2016,附錄: PythonAnywhere等8種identifier 作者號取自題名(CT),,,,494面 : 圖 ; 23公分.,,,,,,,,圖書館目錄,https://nycu.primo.exlibrisgroup.com/permalink/886UST_NYCU/1ek8ru5/alma991002697589706772,1,28
29,29,29,Python standard library ,"Lundh, Fredrik. ",,Python (Computer program language),LC : 2001273990identifier ISBN : 0596000960 (pbk.) :,,,,,,At head of title on cover : Annotated reference for Python 2.0,,1st ed.,Beijing ; Cambridge Mass. : O'Reilly,c2001,Includes index.identifier CD-ROM includes programming examples from the book and a demo of the PythonWorks IDE.,,,,"xvi, 281 p. ; 24 cm. + with one CD-ROM (F321108)",,,,,,,,圖書館目錄,https://nycu.primo.exlibrisgroup.com/permalink/886UST_NYCU/1ek8ru5/alma990001379470206772,1,29
30,30,30,Python密码学编程 ,"斯維加特 (Sweigart, Al), 著 identifier 李永倫, 譯 ",,Python (電腦程式語言)identifier 電腦程式設計,ISBN : 9787115424297,,,,,,,,第1版,北京市 : 人民郵電,2016,本書譯自: Hacking secret ciphers with Python,,,簡體字版,"324面 : 圖, 表 ; 23公分",,,,,,,,圖書館目錄,https://nycu.primo.exlibrisgroup.com/permalink/886UST_NYCU/1ek8ru5/alma990055608190206772,1,30
31,31,31,流暢的Python : 清晰、簡潔、有效的程式設計 ,"Ramalho, Luicano, 著 identifier 賴屹民, 譯 ",,Python(電腦程式語言),ISBN : 9789863479116,,,,,,清晰簡潔有效的程式設計,,初版,臺北市 : 碁峰資訊發行,2016,含索引identifier 附錄: 支援程式identifier 本書譯自: Fluent Pythonidentifier 作者號取自題名(CT),,,,758面 ; 23公分,,,,,,,,圖書館目錄,https://nycu.primo.exlibrisgroup.com/permalink/886UST_NYCU/1ek8ru5/alma990055316940206772,1,31
32,32,32,Python精粹 : 來自專家的經驗精華 ,"Beazley, David, 著 identifier 黃銘偉, 譯 identifier Beazley, David M. ",,Python(電腦程式語言),ISBN : 9786263242159,,,,,,來自專家的經驗精華,,初版,臺北市 : 碁峰資訊,2022,本書譯自: Python distilledidentifier 含索引identifier 作者號取自譯者(CT),,,,369面 : 表 ; 23公分,,,,,,,,圖書館目錄,https://nycu.primo.exlibrisgroup.com/permalink/886UST_NYCU/1ek8ru5/alma991003584680206772,1,32
33,33,33,Python幫幫忙!用程式思維解決現實世界問題 ,"Vaughan, Lee, 著 identifier 張清徽, 譯 identifier 張康寶, 譯 ",,Python(電腦程式語言),ISBN : 9789863127000,Learning by doing identifier 從做中學系列 identifier 從做中學系列 = Learning by doing ,,,,,Python幫幫忙用程式思維解決現實世界問題identifier A hacker's guide to solving problems with code,,初版,臺北市 : 旗標,2022,111年第6批(C111306)identifier 本書譯自:  Real-world Python : a hacker's guide to solving problems with codeidentifier 作者號取自譯者張清徽(CT),,,,"1冊 : 圖, 表格 ; 23公分",,,,,,,,圖書館目錄,https://nycu.primo.exlibrisgroup.com/permalink/886UST_NYCU/1ek8ru5/alma991003578865906772,1,33
34,34,34,Python錦囊妙計(第三版) ,"Beazley, David, 著 identifier Jones, Brian K. (Brian Kenneth), 著 identifier 黃銘偉, 譯 ",,Python(電腦程式語言),ISBN : 978-986-347-068-7 (平裝) :,,,,,,"Python cookbook, 3rd ed.","翻譯 : Python cookbook, 3rd ed ",初版,台北市 : 碁峰資訊,2014,,,,,750面 ; 23公分,,,,,,,,圖書館目錄,https://nycu.primo.exlibrisgroup.com/permalink/886UST_NYCU/1ek8ru5/alma990054992900206772,1,34
35,35,35,"Python自動化的樂趣 : 搞定重複瑣碎&單調無聊的工作 = Automate the boring stuff with Python, 2nd edition ","Sweigart, Al, 著 identifier H&C, 譯 ",,Python(電腦程式語言),ISBN : 978-986-502-597-7,Gotop ; CL0581 ,,,,,"搞定重複瑣碎&單調無聊的工作identifier Automate the boring stuff with Python, 2nd editionidentifier Practical programming for total beginners",,二版,臺北市 : 碁峰資訊,2020,"譯自: Automate the boring stuff with Python : practical programming for total beginners, 2nd editionidentifier 附錄: 1. 安裝第三方模組 ; 2. 執行程式 ; 3. 習題解答",,,,603面 : 圖 ; 23公分,,,,,,,,圖書館目錄,https://nycu.primo.exlibrisgroup.com/permalink/886UST_NYCU/1ek8ru5/alma990060413300206772,1,35
36,36,36,Python standard library (CD-ROM) ,"Lundh, Fredrik. ",,Python (Computer program language),LC : 2001273990identifier ISBN : 0596000960 (CD-ROM) :,,,,,,At head of title on cover : Annotated reference for Python 2.0,,1st ed.,Beijing ; Cambridge Mass. : O'Reilly,c2001,Includes index.identifier CD-ROM includes programming examples from the book and a demo of the PythonWorks IDE.,,,,CD-ROM + with one book (F321103),,,,,,,,圖書館目錄,https://nycu.primo.exlibrisgroup.com/permalink/886UST_NYCU/1ek8ru5/alma990001384260206772,1,36
37,37,37,"Python設計模式深入解析 : 藉由16種設計模式,成為能夠解決各式問題的Python ","Kasampalis, Sakis, 著 identifier 江良志, 譯 ",,Python(電腦程式語言),ISBN : 9789864340415,,,,,,藉由16種設計模式成為能夠解決各式問題的Python,,初版,臺北市 : 博碩文化,2015,本書譯自: Mastering python design patternsidentifier 作者號取自譯者(CT),,,,195面 : 圖 ; 23公分,,,,,,,,圖書館目錄,https://nycu.primo.exlibrisgroup.com/permalink/886UST_NYCU/1ek8ru5/alma990055182650206772,1,37
38,38,38,Automate the boring stuff with Python : practical programming for total beginners ,"Sweigart, Al, author. ",,Computer programmingidentifier Python (Computer program language),ISBN : 9781593279929identifier ISBN : 1593279922identifier OCLC : (OCoLC)1128094127,,,,"If you've ever spent hours renaming files or updating hundreds of spreadsheet cells, you know how tedious tasks like these can be. But what if you could have your computer do them for you. In this fully revised second edition of the best-selling classic Automate the Boring Stuff with Python, you'll learn how to use Python to write programs that do in minutes what would take you hours to do by hand--no prior programming experience required. You'll learn the basics Python and explore Python's rich library of modules for performing specific tasks, like scraping data off websites, reading PDF and Word documents, and automating clicking and typing tasks. Step-by-step instructions walk you through each program, and updated practice projects at the end of each chapter challenge you to improve those programs and use your newfound skills to automate similar tasks.","Python programming basics. Python basics ; Flow control ; Functions ; Lists ; Dictionaries and structuring data ; Manipulating strings -- Automating tasks. Pattern matching with regular expressions ; Input validation ; Reading and writing files ; Organizing files ; Debugging ; Web scraping ; Working with Excel spreadsheets ; Working with Google sheets ; Working with PDF and Word documents ; Working with CSV files and JSON data ; Keeping time, scheduling tasks, and launching programs ; Sending email and text messages ; Manipulating images ; Controlling the keyboard and mouse with GUI automation -- Appendix A: Installing third-party modules -- Appendix B: Running programs -- Appendix C: Answers to the practice questions",,,2nd edition.,San Francisco : No Starch Press,2020,Includes index.,,,,"xxxix, 547 pages : illustrations ; 24 cm",,Software,,,,,,圖書館目錄,https://nycu.primo.exlibrisgroup.com/permalink/886UST_NYCU/1ek8ru5/alma990057106810206772,1,38
39,39,39,Python資料科學學習手册 ,"范德普拉斯 (Vanderplas, Jacob T.), 著 identifier 何敏煌, 譯 ",,Python(電腦程式語言)identifier 電腦程式語言,ISBN : 9789864766857,,,,,,Essential tools for working with data,,初版,臺北市 : 碁峰資訊,2017,含索引identifier 本書譯自: Python data science handbook : essential tools for working with dataidentifier 作者(Vanderplas譯為范德普拉斯,,,,"17, 556面 : 圖 ; 23公分",,,,,,,,圖書館目錄,https://nycu.primo.exlibrisgroup.com/permalink/886UST_NYCU/1ek8ru5/alma990056068240206772,1,39
40,40,40,Computer science : the Python programming language ,"Miller, Bradley N. identifier Ranum, David L. ",,Python (Computer program language),LC : 2007279651identifier ISBN : 076374316X (pbk.) :identifier ISBN : 9780763743161 (pbk.),,,,,,Python programming language,,,"Sudbury, Mass. : Jones and Bartlett",c2007,Includes index.,,,,59 p. : ill. ; 24 cm.,,,,,,,,圖書館目錄,https://nycu.primo.exlibrisgroup.com/permalink/886UST_NYCU/1ek8ru5/alma990005488990206772,1,40
41,41,41,"Python資料科學與機器學習 : 從入門到實作必備攻略 : 活用Python和Apache Spark, 深入資料探勘與機器學習核心 ","Kane, Frank, 著 identifier 陳光欣, 譯 identifier 凱恩 (Kane, Frank), 著 ",,機器學習identifier 資料探勘identifier Python(電腦程式語言),ISBN : 978-986-434-786-5,,,,,,"從入門到實作必備攻略identifier 活用Python和Apache Spark, 深入資料探勘與機器學習核心identifier Perform data mining and machine learning efficiently using Python and Spark",,初版,新北市 : 博碩文化,2021,譯自: Hands-on data science and Python machine learning : perform data mining and machine learning efficiently using Python and Sparkidentifier 著者Kane譯為凱恩(YM),,,,"19, 353面: 圖 ; 23公分",,,,,,,,圖書館目錄,https://nycu.primo.exlibrisgroup.com/permalink/886UST_NYCU/1ek8ru5/alma991003469505406772,1,41
42,42,42,"Python : data analytics and visualization : understand, evaluate, visualize data, a course in three modules ","Vo. T. H, Phuong, author. ",,Information visualizationidentifier Python (Computer program language)identifier Quantitative research,ISBN : 9781788290098identifier ISBN : 1788290097identifier OCLC : (OCoLC)1015345931,,,,"Learn basic steps of data analysis and how to use Python and its packages - A step-by-step guide to predictive modeling including tips, tricks, and best practices - Effectively visualize a broad set of analyzed data and generate effective results Who This Book Is For This book is for Python Developers who are keen to get into data analysis and wish to visualize their analyzed data in a more efficient and insightful manner.^ What You Will Learn - Get acquainted with NumPy and use arrays and array-oriented computing in data analysis - Process and analyze data using the time-series capabilities of Pandas - Understand the statistical and mathematical concepts behind predictive analytics algorithms - Data visualization with Matplotlib - Interactive plotting with NumPy, Scipy, and MKL functions - Build financial models using Monte-Carlo simulations - Create directed graphs and multi-graphs - Advanced visualization with D3 In Detail You will start the course with an introduction to the principles of data analysis and supported libraries, along with NumPy basics for statistics and data processing. Next, you will overview the Pandas package and use its powerful features to solve data-processing problems. Moving on, you will get a brief overview of the Matplotlib API .Next, you will learn to manipulate time and data structures, and load and store data in a file or database using Python packages.^ You will learn how to apply powerful packages in Python to process raw data into pure and helpful data using examples. You will also get a brief overview of machine learning algorithms, that is, applying data analysis results to make decisions or building helpful products such as recommendations and predictions using Scikit-learn. After this, you will move on to a data analytics specialization-predictive analytics. Social media and IOT have resulted in an avalanche of data. You will get started with predictive analytics using Python. You will see how to create predictive models from data. You will get balanced information on statistical and mathematical concepts, and implement them in Python using libraries such as Pandas, scikit-learn, and NumPy. You'll learn more about the best predictive modeling algorithms such as Linear Regression, Decision Tree, and Logistic Regression. Finally, you will master best practices in predictive modeling.^ After this, you will get all the practical guidance you need to help you on the journey to effective data visualization.",,"Cover title : Python data analytics and visualization, learning path",,,"Birmingham, UK : Packt Publishing",2017,"""Learning path.""",,,,"vi, 845 pages : illustrations ; 24 cm",,,,,,,,圖書館目錄,https://nycu.primo.exlibrisgroup.com/permalink/886UST_NYCU/1ek8ru5/alma990055874730206772,1,42
43,43,43,Learning Python ,"Lutz, Mark. ",,Python (Computer program language)identifier Object-oriented programming (Computer science),ISBN : 0596513984 (pbk.) :identifier ISBN : 9780596513986 (pbk.),,,,"Describes the features of the Python 2.5 programming language, covering such topics as types and operations, statements and syntax, functions, modules, classes and OOP, and exceptions and tools.",,,,3rd ed.,Beijing : O'Reilly,c2008,,,,,"xliv, 700 p. : ill. ; 24 cm.",,,,,,,,圖書館目錄,https://nycu.primo.exlibrisgroup.com/permalink/886UST_NYCU/1ek8ru5/alma990050499700206772,1,43
44,44,44,Python資料分析(第二版) : 用Pandas、Numpy和Ipython做資料分析 ,"麥金尼 (McKinney, Wes), 著 identifier 張靜雯, 譯 ",,Python(電腦程式語言),ISBN : 9789864769254,,,,,,"用Pandas Numpy和Ipython做資料分析identifier Data wrangling with pandas, NumPy, and IPython, 2nd ed.",,初版,臺北市 : 碁峰資訊,2018,"含索引identifier 本書譯自: Python for data analysis : data wrangling with pandas, NumPy, and IPython, 2nd ed.",,,,"17, 580面 : 圖, 表 ; 23公分",,,,,,,,圖書館目錄,https://nycu.primo.exlibrisgroup.com/permalink/886UST_NYCU/1ek8ru5/alma990056237520206772,1,44
45,45,45,Python與物聯網程式開發終極實戰寶典 ,"Smart, Gary, 著 identifier 曾吉弘, 譯 ",,Python(電腦程式語言)identifier 物聯網identifier 電腦程式設計,ISBN : 9786263240643,,,,,,,,初版,臺北市 : 碁峰資訊,2022,111年第6批(C111306)identifier 附錄: 評量解答identifier 本書譯自: Practical Python programming for IoTidentifier 作者號取自題名,,,,"33, 492面 : 圖, 表格 ; 23公分",,,,,,,,圖書館目錄,https://nycu.primo.exlibrisgroup.com/permalink/886UST_NYCU/1ek8ru5/alma991003578867506772,1,45
46,46,46,Life of Brian,"Chapman, Graham, 1941-1989. identifier Cleese, John. identifier Gilliam, Terry. identifier Idle, Eric. identifier Jones, Terry, 1942- identifier Palin, Michael. identifier Goldstone, John. identifier Milligan, Spike, 1918-2002. identifier Monty Python (Comedy troupe) identifier Handmade Films. identifier Criterion Collection (Firm) ",,"Religionidentifier Longs metrages -- Grande-Bretagneidentifier Judaea, Wilderness of -- Politics and governmentidentifier Feature filmsidentifier Comedy filmsidentifier Religious filmsidentifier Jesus Christ",OCLC : (OCoLC)000556361identifier ISBN : 1559409010 :identifier PUBNUM : CC1554D,Criterion collection (DVD videodiscs) ; 61. identifier The Criterion collection ; 61 ,,Drama.identifier Caricatures and cartoons.,"The Pythons satirize religion, capital punishment, revolutionary politics, terrorism, graffiti, science fiction, and a host of other topics through the story of Brian, a first-century Judean.",,Title on container: Monty Python's life of Brianidentifier Pythons.,,,"Irvington, NY : Criterion Collection",c1999,"Originally released as a motion picture in 1979.identifier Dolby digital surround stereo., RSDL dual-layer edition, Widescreen presentation (1.85:1 theatrical aspect ratio).identifier Special features: theatrical trailer, commentaries by members of the troupe, 5 deleted scenes, 4 radio ads, documentary film The Pythons.identifier The Pythons (1979, ca. 50 min.) / produced by Iain Johnstone; Python (Monty) Pictures Ltd.",,Rated R.,,"1 videodisc (94 min.) : sd., col. ; 4 3/4 in.",,,,,,,,圖書館目錄,https://nycu.primo.exlibrisgroup.com/permalink/886UST_NYCU/1ek8ru5/alma990005563610206772,1,46
47,47,47,Blueprints for text analysis using Python : machine learning-based solutions for common real world (NLP) applications ,"Albrecht, Jens, author. identifier Ramachandran, Sidharth, author. identifier Winkler, Christian, author. ",,Machine learningidentifier Natural language processing (Computer science)identifier Python (Computer program language),ISBN : 149207408Xidentifier ISBN : 9781492074083identifier OCLC : (OCoLC)1156041908identifier OCLC : (OCoLC)on1156041908,,,,"""Turning text into valuable information is essential for businesses looking to gain a competitive advantage. With recent improvements in natural language processing (NLP), users now have many options for solving complex challenges. But it's not always clear which NLP tools or libraries would work for a business's needs, or which techniques you should use and in what order.  This practical book provides data scientists and developers with blueprints for best practice solutions to common tasks in text analytics and natural language processing. Authors Jens Albrecht, Sidharth Ramachandran, and Christian Winkler provide real-world case studies and detailed code examples in Python to help you get started quickly.""--Amazon.com.",1. Gaining early insights from textual data -- 2. Extracting textual insights with APIs -- 3. Scraping websites and extracting data -- 4. Preparing textual data for statistics and machine learning -- 5. Feature engineering and syntactic similarity -- 6. Text classification algorithms -- 7. How to explain a text classifier -- 8. Unsupervised methods : topic modeling and clustering -- 9. Text summarization -- 10. Exploring semantic relationships with word embeddings -- 11. Performing sentiment analysis on text data -- 12. Building a knowledge graph -- 13. Using text analytics in production.,Blueprints for text analytics using Python,,First edition.,"Sebastopol, CA : O'Reilly Media, Inc.",2020,,,,,"xx, 401 pages : illustrations ; 24 cm",,,,,,,,圖書館目錄,https://nycu.primo.exlibrisgroup.com/permalink/886UST_NYCU/1ek8ru5/alma991003488502306772,1,47
48,48,48,Python核心编程 (第3版) ,"Chun, Wesley, 著 identifier 孫波翔, 譯 identifier 李斌, 譯 identifier 李晗, 譯 ",,Python(電腦程式語言),ISBN : 978-7-115-41477-9,,,,,,Python核心編程,"翻譯 : Core Python Applications Programming, 3rd. editon ",第1版,北京 : 人民邮电出版社,2016,作者號取自譯者,,,,635面 : 圖 ; 公分,,,,,,,,圖書館目錄,https://nycu.primo.exlibrisgroup.com/permalink/886UST_NYCU/1ek8ru5/alma990055386110206772,1,48
49,49,49,"Expert Python programming : learn best practices to designing,coding, and distributing your Python software ","Ziadé, Tarek. ",,Python (Computer program language),OCLC : (OCoLC^)005251201identifier ISBN : 184719494X (pbk.) :identifier ISBN : 9781847194947 (pbk.)identifier OCLC : (OCoLC)261122702,From technologies to solutions identifier From technologies to solutions. ,,,,Getting started -- Syntax best practices : below the class level -- Syntax best practices : above the class level -- Choosing good names -- Writing a package -- Writing an application -- Working with zc.buildout -- Managing code -- Managing life cycle -- Documenting your project -- Test-driven development -- Optimization : general principles and profiling techniques -- Optimization : solutions -- Useful design patterns.,"Expert Python programming : best practices to designing, coding, and distributing your Python softwareidentifier Best practices to designing, coding, and distributing your Python softwareidentifier Learn best practices to designing, coding, and distributing your Python software",,,"Birmingham, UK : Packt Pub.","2008, c2009",Includes index.,,,,"viii, 352 p. : ill. ; 24 cm.",,,,,,,,圖書館目錄,https://nycu.primo.exlibrisgroup.com/permalink/886UST_NYCU/1ek8ru5/alma990052512010206772,1,49
50,50,0,工業工程與管理 ,工業工程教學研討會 ,,工業工程 -- 管理,ISBN : (精裝),,,,,,,,修訂第二版,臺中市 : 滄海,1998[民87],,,,,700面 : 圖 ; 24公分.,,,,,,,,圖書館目錄,https://nycu.primo.exlibrisgroup.com/permalink/886UST_NYCU/1ek8ru5/alma990009748840206772,1,50
51,51,1,中國工業工程學會年會論文集 ,"中國工業工程學會, 主編 ",,,ISBN : (平裝新台幣100元),,,,,,,,初版,台北市 : 中國工業工程,民86,,,,,519面.,,,,,,,,圖書館目錄,https://nycu.primo.exlibrisgroup.com/permalink/886UST_NYCU/1ek8ru5/alma990008258410206772,1,51
52,52,2,工業工程專業英語,王愛虎 ,,工業工程 -- 英語,ISBN : 7564002506,,,,本書介紹了工業工程的知識體系，並介紹基礎工業工程和現代工業工程的理論與方法，以及各領域的最新發展動態。,,,,,北京 北京理工大學出版社,2004,需要下載並安裝APABI Reader軟件閱讀電子圖書,,,,,,,,,,,,圖書館目錄,https://nycu.primo.exlibrisgroup.com/permalink/886UST_NYCU/1ek8ru5/alma990050106390206772,1,52
53,53,3,工業工程實用技術,"陳, 可嘉, 編著 ",,工業工程identifier 工業技術,ISBN : 9787301304051,,,,"本書全面介紹了工業工程實用技術, 著重從工業工程的基本方法與技術體系展開, 選取工業工程中經典的工作研究技術(包括方法研究、作業測定)、學習曲線、標準作業和現場管理等幾項涉及企業生產實際問題的常用技術進行重點討論, 並結合實例鞏固加深讀者對工業工程相關技術應用的實操能力.全書共包括緒論、工作研究技術、學習曲線、標準作業、現場管理5個部分.",,,,1版,北京 : 北京大學出版社,2019,北大方正電子書identifier 借閱需要下載並安裝APABIReader閱讀電子圖書identifier 21世紀經濟與管理精編教材.管理科學與工程系列,,,,線上資源(1冊),,,,,,,,圖書館目錄,https://nycu.primo.exlibrisgroup.com/permalink/886UST_NYCU/1ek8ru5/alma991003613727506772,1,53
54,54,4,工業工程,胡宗武 著 ,,,ISBN : 7-313-03048-7,,,,,,,,初版,北京 上海交通大學出版社,2002,採電子書閱讀器(Smart Reader)或線上閱讀(Online Reader ),,,,,,,,,,,,圖書館目錄,https://nycu.primo.exlibrisgroup.com/permalink/886UST_NYCU/1ek8ru5/alma990052532890206772,1,54
55,55,5,工業工程,王東華 著 ,,,ISBN : 978-7-81082-641-9,,,,,,,,初版,北京 北京交通大學出版社,2007,採電子書閱讀器(Smart Reader)或線上閱讀(Online Reader ),,,,,,,,,,,,圖書館目錄,https://nycu.primo.exlibrisgroup.com/permalink/886UST_NYCU/1ek8ru5/alma990052532900206772,1,55
56,56,6,工业工程,,,,,,,,,,,,,,,,,,,,,,,,,,,圖書館目錄,https://nycu.primo.exlibrisgroup.com/permalink/886UST_NYCU/1ek8ru5/alma991003420012906772,1,56
57,57,7,工业工程,,,,,,,,,,,,,,,,,,,,,,,,,,,圖書館目錄,https://nycu.primo.exlibrisgroup.com/permalink/886UST_NYCU/1ek8ru5/alma991003416349806772,1,57
58,58,8,工業工程與管理 ,"葉忠, 等著 ",,工業工程 -- 管理,ISBN : 9861542531 (平裝),,,,,,,,初版,台北市 : 台灣培生教育,2006[民95],,,,,495面.,,,,,,,,圖書館目錄,https://nycu.primo.exlibrisgroup.com/permalink/886UST_NYCU/1ek8ru5/alma990010023760206772,1,58
59,59,9,工業工程與管理 ,"林清河, 著 ",,工業工程 -- 管理,ISBN : 957609657x (平裝)identifier ISBN : 9789576096570 (平裝),,,,,,,,二版,台北市 : 華泰,民95,含索引附錄,,,,669面.,,,,,,,,圖書館目錄,https://nycu.primo.exlibrisgroup.com/permalink/886UST_NYCU/1ek8ru5/alma990010133820206772,1,59
60,60,10,工業工程與管理 ,"黃錦川, 著 ",,工業工程-管理,ISBN : 9571117439 (平裝),,,,,,,,初版,台北市 : 五南,民88,,,,,768面.,,,,,,,,圖書館目錄,https://nycu.primo.exlibrisgroup.com/permalink/886UST_NYCU/1ek8ru5/alma990008367010206772,1,60
61,61,11,工業工程與管理 ,"王貳瑞, 著 identifier 王來旺, 著 ",,工業管理identifier 工業工程,ISBN : 978-986-6159-00-8 (平裝) :,,,,,,,,二版,屏東縣內埔鄉 : 睿煜,2010,,,,,"830面 : 圖,表 ; 26公分",,,,,,,,圖書館目錄,https://nycu.primo.exlibrisgroup.com/permalink/886UST_NYCU/1ek8ru5/alma990052012860206772,1,61
62,62,12,工業工程與管理 = Industrial Engineering & Management ,"鄭榮郎, 著 ",,工業工程 -- 管理,ISBN : 957214006x (平裝),,,,,,,,初版,台北市 : 全華,民92,,,,,1冊.,,,,,,,,圖書館目錄,https://nycu.primo.exlibrisgroup.com/permalink/886UST_NYCU/1ek8ru5/alma990009196360206772,1,62
63,63,13,工業工程與管理 = Industrial Engineering and Management ,"賴福來, 著 identifier 胡伯潛, 著 identifier 黃信豪, 著 ",,工業工程 -- 管理,ISBN : 9571443611 (平裝)identifier ISBN : 9789571443614 (平裝),,,,,,,,革新四版,台北市 : 三民,2005[民94],含附表,,,,448面 ; 25公分.,,,,,,,,圖書館目錄,https://nycu.primo.exlibrisgroup.com/permalink/886UST_NYCU/1ek8ru5/alma990010448010206772,1,63
64,64,14,工業工程與管理實務 ,"鄭榮郎, 著 ",,工業工程 -- 管理,ISBN : 957-21-4884-2 (平裝),,,,,,,,二版,臺北市 : 全華,民94,,,,,面 ; 公分.,,,,,,,,圖書館目錄,https://nycu.primo.exlibrisgroup.com/permalink/886UST_NYCU/1ek8ru5/alma990010005880206772,1,64
65,65,15,工業工程與管理 ,"希克斯 (Hicks, Philip E.), 著 identifier 劉柄宏, 譯 ",,工業工程 -- 管理identifier Industrial engineering,ISBN : 9574932095 (平裝),,,,,,,翻譯 : Industrial engineering and management a new perspective ,初版,臺北市 : 麥格羅希爾出版,2000[民89],含參考書目,,,,1冊 : 圖 ; 24公分.,,,,,,,,圖書館目錄,https://nycu.primo.exlibrisgroup.com/permalink/886UST_NYCU/1ek8ru5/alma990008658520206772,1,65
66,66,16,全國自動化科技研討會論文集 第二屆 / Proceeding of The Second National Workshop on Automation Technology,"國立交通大學工業工程系,控制工程系, 編 ",,,ISBN : (平裝(贈)),,,,,,第二屆全國自動化科技研討會論文集,,初版,臺北市 : 交大工業工程系所,民77,,,,,820面 : 圖表.,,,,,,,,圖書館目錄,https://nycu.primo.exlibrisgroup.com/permalink/886UST_NYCU/1ek8ru5/alma990008816030206772,1,66
67,67,17,2000年科技與管理學術研討會 : e時代的挑戰與因應策略研討會論文集 = The 2000 conference on technology and managementidentifier ethe competition and strategy of e-eva ,"國立臺北科技大學 工業工程系, 主辦 ",,,ISBN : (平裝(贈)),,,,,,,,初版,台北市 : 國立台北科技大學工業工程系,2001[民90],,,,,651面 : 圖.,,,,,,,,圖書館目錄,https://nycu.primo.exlibrisgroup.com/permalink/886UST_NYCU/1ek8ru5/alma990009127640206772,1,67
68,68,18,工業工程與管理概論 ,"陳潭, 著 identifier 洪堯勳, 著 identifier 姚銘忠, 著 identifier 黃欽印, 著 ",,工業工程identifier 工業管理,ISBN : 978-986-5774-07-3,,,,,,Essentials of industrial engineering & management,,初版,新北市 : 前程文化,2013,,,,,"403面 : 圖, 表 ; 26公分",,,,,,,,圖書館目錄,https://nycu.primo.exlibrisgroup.com/permalink/886UST_NYCU/1ek8ru5/alma990055299020206772,1,68
69,69,19,工業工程與管理 = The industrial engineering and management ,"葉忠, 著. ",,工業工程identifier 工業管理,ISBN : 978-986-154-783-1 (平裝) :,,,,,,The industrial engineering and management.,,二版.,臺北市 : 臺灣培生教育,2009[民98],含索引.,,,,461面 : 圖 ; 26公分.,,,,,,,,圖書館目錄,https://nycu.primo.exlibrisgroup.com/permalink/886UST_NYCU/1ek8ru5/alma990050753530206772,1,69
70,70,20,工業工程與管理 = Industrial Engineering and Management ,"鄭榮郎, 編著 ",,工業工程identifier 工業管理,ISBN : 978-957-21-7555-2(平裝) :,,,,,,Industrial Engineering and Management,,四版,台北縣 : 全華圖書,2010,,,,,287面 : 圖表 ; 26公分,,,,,,,,圖書館目錄,https://nycu.primo.exlibrisgroup.com/permalink/886UST_NYCU/1ek8ru5/alma990051878670206772,1,70
71,71,21,慶祝台灣區冷凍空調工程工業同業工會成立二十週年紀念特輯 ,"台灣區冷凍空調工程工業同業工會, 著 ",,"臺灣區冷凍空調工程工業同業公會identifier 冷凍 -- 機構, 會社等identifier 空調工程 -- 機構, 會社等",ISBN : (精裝),,,,,,慶祝成立20週年紀念特輯identifier 慶祝台灣區冷凍空調工程工業同業工會成立20週年紀念特輯,,,台北市 : 台灣區冷凍空調工程工業同業工會,1998[民87],附錄：慶祝工會成立二十週年活動籌劃及執行人員名錄,,,,"240面 : 彩圖, 彩像 ; 31公分.",,,,,,,,圖書館目錄,https://nycu.primo.exlibrisgroup.com/permalink/886UST_NYCU/1ek8ru5/alma990010083540206772,1,71
72,72,22,第六屆產業管理研討會論文集 : 台灣本土產業升級轉型與國際化 ,"東海大學工業工程研究所豐群基金會, 主辦 ",,,ISBN : (平裝),,,,,,,,初版,台北市 : 東海大學工業工程研究所豐群基金會,民86,,,,,316面.,,,,,,,,圖書館目錄,https://nycu.primo.exlibrisgroup.com/permalink/886UST_NYCU/1ek8ru5/alma990008645540206772,1,72
73,73,23,2001年科技與管理學術研討會論文集 : e時代的製商整合策略 ,"台北科技大學管理學院工業工程系, 主辦 ",,產業 -- 論文，講詞等,ISBN : (平裝),,,,,,,,初版,台北市 : 國立台北科技大學管理學院工業工程系,2001[民90],"指導單位: 教育部顧問室identifier 協辦單位: 中國工業工程學會,中華價值管理學會,中華民國管理科學學會,新埔技術學院,清雲技術學院,致理技術學院,景文技術學院,大漢技術學院identifier 會議時間: 民90年10月15日",,,,684面.,,,,,,,,圖書館目錄,https://nycu.primo.exlibrisgroup.com/permalink/886UST_NYCU/1ek8ru5/alma990009127300206772,1,73
74,74,24,國立陽明交通大學工業工程與管理學系巫佳煌教師升等送審著作論文集 ,"巫佳煌, 著 ",,工業工程管理identifier 教師升等,,,,,,Modified processes capability assessment with dynamic mean shift,國立陽明交通大學升等教師審查資料identifier 巫佳煌教師升等送審著作論文集,,,新竹市 : 國立陽明交通大學,2021,教師升等著作-- 工業工程與管理學系identifier 現職: 助理教授identifier 申請職別: 副教授,,,內容為英文,"1冊 : 圖, 表 ; 29公分",,,,,,,,圖書館目錄,https://nycu.primo.exlibrisgroup.com/permalink/886UST_NYCU/1ek8ru5/alma991003572358606772,1,74
75,75,25,中國工業工程學會年會論文集 ,"陳光辰, 等著 ",,,ISBN : (平裝新台幣100元),,,,,,,,,台北市 : 中國工業工程,民78,,,,,243面.,,,,,,,,圖書館目錄,https://nycu.primo.exlibrisgroup.com/permalink/886UST_NYCU/1ek8ru5/alma990007370610206772,1,75
76,76,26,中國工業工程學會年會論文集 ,"張保隆, 等著 ",,,ISBN : (平裝新台幣200元),,,,,,,,,台北市 : 中國工業工程,民77,,,,,698面.,,,,,,,,圖書館目錄,https://nycu.primo.exlibrisgroup.com/permalink/886UST_NYCU/1ek8ru5/alma990007331680206772,1,76
77,77,27,金屬製品業工業用水效率提升及回收再利用技術手冊 ,"經濟部工業局, 主編 identifier 京華環境工程股份有限公司, 主編 ",,污水處理identifier 工業廢物技術identifier 金屬工業identifier 政府出版品 -- 公共工程,ISBN : 957-01-5575-2 (平裝),,,,,,,,初版,臺北市 : 工業局出版,2003[民92],含參考文獻identifier 附錄一:網際網路業製造及技術服務業購置設備或技術投資抵減證明申請書;附錄二:新興重要策略性產業投資計畫書格式;附錄三:進口國內無製機器儀器設備證明申請書;附錄四:加速折舊證明申請書,,,,"1冊 : 圖,表 ; 30公分.",,,政府出版品 公共工程,,,,,圖書館目錄,https://nycu.primo.exlibrisgroup.com/permalink/886UST_NYCU/1ek8ru5/alma990009544650206772,1,77
78,78,28,食品及飲料製造業工業用水效率提升及回收再利用技術手冊 ,"經濟部 工業局, 主編 identifier 京華環境工程股份有限公司, 主編 ",,政府出版品 -- 公共工程identifier 污水處理identifier 工業廢物技術identifier 食品工業,ISBN : 986-00-1800-6 (平裝),,,,,,,,初版,臺北市 : 工業局出版,民93,,,,,"1冊 : 圖,表 ; 29公分.",,,政府出版品 公共工程,,,,,圖書館目錄,https://nycu.primo.exlibrisgroup.com/permalink/886UST_NYCU/1ek8ru5/alma990009881770206772,1,78
79,79,29,造紙業工業用水效率提升及回收再利用技術手冊 ,"經濟部工業局, 主編 identifier 京華環境工程股份有限公司, 主編 ",,污水處理identifier 工業廢物技術identifier 造紙工業identifier 政府出版品 -- 公共工程,ISBN : 957-01-5578-7 (平裝),,,,,,,,初版,臺北市 : 工業局出版,2003[民92],含參考文獻identifier 附錄一:網際網路業製造及技術服務業購置設備或技術投資抵減證明申請書;附錄二:新興重要策略性產業投資計畫書格式;附錄三:進口國內無製機器儀器設備證明申請書;附錄四:加速折舊證明申請書,,,,"1冊 : 圖,表 ; 30公分.",,,政府出版品 公共工程,,,,,圖書館目錄,https://nycu.primo.exlibrisgroup.com/permalink/886UST_NYCU/1ek8ru5/alma990009544660206772,1,79
80,80,30,人因工程 : 工程與設計之人性因素 ,"山德士 (Sanders, Mark S.) 著 identifier 麥科明克 (McCormick, Ernest J.) 著 identifier 吳水丕 譯 identifier 許勝雄 譯 identifier 彭游 譯 identifier Sanders, Mark S. identifier McCormick, Ernest J. ",,人體工學identifier 工程,ISBN : 9574930521 (上冊:平裝) :identifier ISBN : 957493053X (下冊:平裝) :,工業工程系列叢書 ; IE016C;IE016C2. ,,,,,工程與設計之人性因素,,初版,臺北市 : 麥格羅希爾出版 ; 臺中市 : 滄海總代理,2000[民89],,,,,"2冊(10,879面) : 圖,表格 ; 26公分",,,,,,,,圖書館目錄,https://nycu.primo.exlibrisgroup.com/permalink/886UST_NYCU/1ek8ru5/alma991002653359706772,1,80
81,81,31,電腦化工業工程 : 附應用軟體程式45套 ,"盧淵源, 編著 ",,工業工程 -- 自動化identifier 生產管理 -- 自動化,ISBN : (精裝),,,,,,,,初版,臺北市 : 華泰,民74,參考資料:面896-897identifier 含附錄,,,,"[22],905面 : 圖,表格 ; 24公分.",,,,,,,,圖書館目錄,https://nycu.primo.exlibrisgroup.com/permalink/886UST_NYCU/1ek8ru5/alma990008565650206772,1,81
82,82,32,皮革及毛衣製造業工業用水效率提升及回收再利用技術手冊 ,"經濟部 工業局, 主編 identifier 京華環境工程股份有限公司, 主編 ",,污水處理identifier 工業廢物技術identifier 皮革工業identifier 紡織業identifier 政府出版品 -- 公共工程,ISBN : 986-00-1801-4 (平裝),,,,,,,,初版,臺北市 : 工業局出版,民93,工業用水效率提升輔導與推廣計畫,,,,1冊 : 表 ; 29公分.,,,政府出版品 公共工程,,,,,圖書館目錄,https://nycu.primo.exlibrisgroup.com/permalink/886UST_NYCU/1ek8ru5/alma990009881760206772,1,82
83,83,33,電子零組件製造業工業用水效率提升及回收再利用技術手冊 ,"經濟部工業局, 主編 identifier 京華環境工程股份有限公司, 主編 ",,污水處理identifier 工業廢物技術identifier 電子業identifier 政府出版品 -- 公共工程,ISBN : 957-01-5579-5 (平裝),,,,,,,,初版,臺北市 : 工業局出版,2003[民92],含參考文獻identifier 附錄一:網際網路業製造及技術服務業購置設備或技術投資抵減證明申請書;附錄二:新興重要策略性產業投資計畫書格式;附錄三:進口國內無製機器儀器設備證明申請書;附錄四:加速折舊證明申請書,,,,"1冊 : 圖,表 ; 30公分.",,,政府出版品 公共工程,,,,,圖書館目錄,https://nycu.primo.exlibrisgroup.com/permalink/886UST_NYCU/1ek8ru5/alma990009544630206772,1,83
84,84,34,紡織染整業工業用水效率提升及回收再利用技術手冊 ,"經濟部工業局, 主編 identifier 京華環境工程股份有限公司, 主編 ",,污水處理identifier 工業廢物技術identifier 紡織業identifier 政府出版品 -- 公共工程,ISBN : 957-01-5517-5 (平裝),,,,,,,,初版,臺北市 : 工業局出版,2003[民92],含參考文獻identifier 附錄一:網際網路業製造及技術服務業購置設備或技術投資抵減證明申請書;附錄二:新興重要策略性產業投資計畫書格式;附錄三:進口國內無製機器儀器設備證明申請書;附錄四:加速折舊證明申請書,,,,"1冊 : 圖,表 ; 30公分.",,,政府出版品 公共工程,,,,,圖書館目錄,https://nycu.primo.exlibrisgroup.com/permalink/886UST_NYCU/1ek8ru5/alma990009544670206772,1,84
85,85,35,塑膠製品業工業用水效率提升及回收再利用技術手冊 ,"經濟部工業局, 主編 identifier 京華環境工程股份有限公司, 主編 ",,污水處理identifier 工業廢物技術identifier 塑膠業identifier 政府出版品 -- 公共工程,ISBN : 957-01-5577-9 (平裝),,,,,,,,初版,臺北市 : 工業局出版,2003[民92],含參考文獻identifier 附錄一:網際網路業製造及技術服務業購置設備或技術投資抵減證明申請書;附錄二:新興重要策略性產業投資計畫書格式;附錄三:進口國內無製機器儀器設備證明申請書;附錄四:加速折舊證明申請書,,,,"1冊 : 圖,表 ; 30公分.",,,政府出版品 公共工程,,,,,圖書館目錄,https://nycu.primo.exlibrisgroup.com/permalink/886UST_NYCU/1ek8ru5/alma990009544620206772,1,85
86,86,36,"舞颺,從心啟程 : 國道1號五股至楊梅拓寬工程 ","台灣世曦工程顧問股份有限公司, 企劃編輯 ",,政府出版品 -- 交通建設identifier 公路工程identifier 國道identifier 高速公路,ISBN : 978-986-04-3887-1,,,,國道1號五股至楊梅段拓寬工程計畫全長約40公里，緊沿高速公路兩側進行拓寬，周邊住宅及工業區密集，沿線景觀生態豐富，為了不影響既有交通、減少鄰房拆遷、避免對原有植被及生態的破壞，施工困難度極高，工程團隊除了採高效能的施工方法外，對與居民溝通協調工程用地取得、以及針對生態環境採取衝擊減輕、補償及替代之保護對策，無不付出相當人力與心力。 本書「舞颺，從心啟程」則把本工程裡的點點滴滴透過文字圖像展現，同時可以看見過去鮮少被描寫的過程或人物故事，從居民、工程師等角色；從地方、環境到生態等面向，以多元的角度切入，忠實呈現工程團隊的用心與同理心，並彰顯人和物的變遷，自然和人的相處等等珍貴的生活片段和歷史紀錄。,,國道1號五股至楊梅拓寬工程identifier 舞颺從心啟程,,初版,台北市 : 交通部臺灣區國道新建工程局,2014,,,,,"204面 : 彩圖, 彩色地圖, 書影 ; 20x22公分",,,政府出版品 交通建設,,,,,圖書館目錄,https://nycu.primo.exlibrisgroup.com/permalink/886UST_NYCU/1ek8ru5/alma990055389000206772,1,86
87,87,37,石油及化學製品業工業用水效率提升及回收再利用技術手冊 ,"經濟部工業局, 主編 identifier 京華環境工程股份有限公司, 主編 ",,污水處理identifier 工業廢物技術identifier 石油化學業identifier 政府出版品 -- 公共工程,ISBN : 957-01-5576-0 (平裝),,,,,,,,初版,臺北市 : 工業局出版,2003[民92],含參考文獻identifier 附錄一:網際網路業製造及技術服務業購置設備或技術投資抵減證明申請書;附錄二:新興重要策略性產業投資計畫書格式;附錄三:進口國內無製機器儀器設備證明申請書;附錄四:加速折舊證明申請書,,,,"1冊 : 圖,表 ; 30公分.",,,政府出版品 公共工程,,,,,圖書館目錄,https://nycu.primo.exlibrisgroup.com/permalink/886UST_NYCU/1ek8ru5/alma990009544640206772,1,87
88,88,38,電力機械器材及設備製造修配業工業用水效率提升及回收再利用技術手冊 ,"經濟部 工業局, 主編 identifier 京華環境工程股份有限公司, 主編 ",,污水處理identifier 工業廢物技術identifier 政府出版品 -- 公共工程identifier 電機業identifier 製造業,ISBN : 9860018022 (平裝),,,,,,,,初版,臺北市 : 工業局出版,民93,工業用水效率提升輔導與推廣計畫,,,,1冊 : 表 ; 29公分.,,,政府出版品 公共工程,,,,,圖書館目錄,https://nycu.primo.exlibrisgroup.com/permalink/886UST_NYCU/1ek8ru5/alma990009881900206772,1,88
89,89,39,國立交通大學工業工程與管理學系陳文智教師升等送審著作論文集 ,"陳文智, 著 ",,工業工程identifier 教師升等,,,,,,,國立交通大學升等教師審查資料identifier 陳文智教師升等送審著作論文集,,,新竹市 : 國立交通大學,2018,教師升等著作--工業工程與管理學系identifier 現職: 副教授identifier 申請職別: 教授identifier 內容為英文,,,,"1冊 : 圖 ,表 ; 29公分",,,,,,,,圖書館目錄,https://nycu.primo.exlibrisgroup.com/permalink/886UST_NYCU/1ek8ru5/alma990056735140206772,1,89
90,90,40,國立交通大學工業工程與管理學系陳勝一教師升等送審著作論文集 ,"陳勝一, 著 ",,工業工程identifier 教師升等,,,,,,,國立交通大學升等教師審查資料identifier 陳勝一教師升等送審著作論文集,,,新竹市 : 國立交通大學,2019,教師升等著作--工業工程與管理學系identifier 現職 : 助理教授identifier 申請職別 : 副教授identifier 內容為中英文,,,,"1冊 : 圖 ,表 ; 29公分",,,,,,,,圖書館目錄,https://nycu.primo.exlibrisgroup.com/permalink/886UST_NYCU/1ek8ru5/alma990057619640206772,1,90
91,91,41,國立交通大學工業工程與管理學系王志軒教師升等送審著作論文集,"王志軒, 著 ",,教師升等identifier 工業工程管理,,,,,,,王志軒教師升等送審著作論文集identifier 國立交通大學升等教師審查資料,,,新竹市 : 國立交通大學,2017,部分內容為英文identifier 現職 : 副教授identifier 申請職別 : 教授identifier 教師升等著作--工業工程與管理學系,,,,"1冊 圖, 表 ; 29公分",,,,,,,,圖書館目錄,https://nycu.primo.exlibrisgroup.com/permalink/886UST_NYCU/1ek8ru5/alma990056038050206772,1,91
92,92,42,國立交通大學工業工程與管理學系劉建良教師升等送審著作論文集,"劉建良, 著 ",,教師升等identifier 工業工程管理,,,,,,,劉建良教師升等送審著作論文集identifier 國立交通大學升等教師審查資料,,,新竹市 : 國立交通大學,2017,部分內容為英文identifier 現職 : 助理教授identifier 申請職別 : 副教授identifier 教師升等著作--工業工程與管理學系,,,,"1冊 圖, 表 ; 29公分",,,,,,,,圖書館目錄,https://nycu.primo.exlibrisgroup.com/permalink/886UST_NYCU/1ek8ru5/alma990056038170206772,1,92
93,93,43,國立交通大學工業工程與管理學系洪暉智教師升等送審著作論文集,"洪暉智, 著 ",,教師升等identifier 工業工程管理,,,,,,,洪暉智教師升等送審著作論文集identifier 國立交通大學升等教師審查資料,,,新竹市 : 國立交通大學,2017,部分內容為英文identifier 現職 : 助理教授identifier 申請職別 : 副教授identifier 教師升等著作--工業工程與管理學系,,,,"1冊 圖, 表 ; 29公分",,,,,,,,圖書館目錄,https://nycu.primo.exlibrisgroup.com/permalink/886UST_NYCU/1ek8ru5/alma990056038130206772,1,93
94,94,44,國立交通大學工業工程與管理學系張永佳教師升等送審著作論文集 ,張永佳 ,,工業工程identifier 教師升等,ISBN : (平裝),,,,,,國立交通大學升等教師審查資料identifier 張永佳教師升等送審著作論文集,,,新竹市 : 國立交通大學,民99,教師升等著作--工業工程與管理學系identifier 現職: 助理教授identifier 申請職別: 副教授identifier 部分內容為英文,,,,1冊 : 圖 ; 30公分,,,,,,,,圖書館目錄,https://nycu.primo.exlibrisgroup.com/permalink/886UST_NYCU/1ek8ru5/alma990052429050206772,1,94
95,95,45,1999產業管理暨競爭力研討會 : 競爭環境下的永續經營 ,東海大學工業工程研究所4主辦 ,,,ISBN : (平裝),,,,,,,,初版,"台北市 : 東海大學工業工程研究所,財團法人中台灣新世紀文教基金會",民88,,,,,155面.,,,,,,,,圖書館目錄,https://nycu.primo.exlibrisgroup.com/permalink/886UST_NYCU/1ek8ru5/alma990008645750206772,1,95
96,96,46,國立交通大學工業工程與管理學系林春成教師升等送審著作論文集 ,林春成 ,,工業工程與管理identifier 教師升等,ISBN : (平裝),,,,,,國立交通大學升等教師審查資料identifier 林春成教師升等送審著作論文集,,,新竹市 : 國立交通大學,民101,教師升等著作--工業工程與管理學系identifier 現職:助理教授identifier 申請職別:副教授identifier 內容為英文,,,,1冊 : 圖表; 29公分,,,,,,,,圖書館目錄,https://nycu.primo.exlibrisgroup.com/permalink/886UST_NYCU/1ek8ru5/alma990054978650206772,1,96
97,97,47,工程導論,姚立根 著 identifier 王學文 著 ,,工程,ISBN : 9787121175060,,,,"本書共10章,內容包括大學工程教育的培養目標、工程概述、信息技術和信息產業、土木工程、水利水電工程、礦業工程、工業工程等.",,,,第1版,北京 : 電子工業出版社,2015,北大方正電子書identifier 借閱需要下載並安裝APABIReader閱讀電子圖書,,,,,,,,,,,,圖書館目錄,https://nycu.primo.exlibrisgroup.com/permalink/886UST_NYCU/1ek8ru5/alma990056148920206772,1,97
98,98,48,台灣半導體製造廠工業工程師工作領域之現況分析 = Analysis of Job Domain of Industrial Engineers in Taiwan Semiconductor Manufactures ,"王朝隆, 著 ",,,ISBN : (精裝),工業工程與管理研究所(交大)-碩士論文;2000 13:2 ,,,,,,,初版,新竹市 : 交大,民89,,,,,84面.,,,,,,,,圖書館目錄,https://nycu.primo.exlibrisgroup.com/permalink/886UST_NYCU/1ek8ru5/alma990008733940206772,1,98
99,99,49,防腐蝕工程,王兆華 identifier 張鵬 identifier 林修州 ,,工業工程,ISBN : 9787122231031,,,,本書介紹了防腐蝕工程的相關知識， 全書共分為10章， 具體內容包括耐蝕高分子材料、耐蝕無機材料、非金屬材料腐蝕機理、耐蝕復合材料基礎、涂料覆蓋層、顆粒增強耐蝕復合材料、片狀增強耐蝕復合材料、耐蝕玻璃鋼、耐蝕塑料設備和襯里、耐蝕橡膠和磚板襯里,,,,,北京 : 化學工業出版社,2016,北大方正電子書identifier 借閱需要下載並安裝APABIReader閱讀電子圖書,,,,線上資源(1冊),,,,,,,,圖書館目錄,https://nycu.primo.exlibrisgroup.com/permalink/886UST_NYCU/1ek8ru5/alma991003613940706772,1,99
